Date,Open,High,Low,Close,Adj Close,Volume,,,
4/6/2020,2.5,2.97,2.4,2.88,2.88,6912000,-0.26,0.817635943,0.789076605
4/7/2020,3.17,3.73,3.05,3.14,3.14,8977100,-0.16,1.036193366,
4/8/2020,3.05,3.32,2.8,3.3,3.3,7997600,0.7,,
4/9/2020,3.3,3.3,2.58,2.6,2.6,13981200,0.52,,
4/13/2020,2.34,2.36,1.95,2.08,2.08,19784100,-0.1,,
4/14/2020,2.21,2.37,2.14,2.18,2.18,11747900,-0.23,,
4/15/2020,2.15,2.46,2.02,2.41,2.41,11378000,-0.03,,
4/16/2020,2.35,2.49,2.15,2.44,2.44,6290800,-0.76,,
4/17/2020,3.85,3.85,3.05,3.2,3.2,26799900,0.02,,
4/20/2020,3.22,3.44,3.06,3.18,3.18,10787200,-0.07,,
4/21/2020,3.2,3.38,3.15,3.25,3.25,5788400,0.07,,
4/22/2020,3.39,3.39,3.16,3.18,3.18,4568600,0.07,,
4/23/2020,3.2,3.25,3.08,3.11,3.11,4318800,0.06,,
4/24/2020,3.14,3.2,3.02,3.05,3.05,3623700,-0.31,,
4/27/2020,3.19,3.4,3.06,3.36,3.36,5667200,-0.78,,
4/28/2020,3.82,4.75,3.5,4.14,4.14,21601100,-1.05,,
4/29/2020,4.54,5.53,4.47,5.19,5.19,27162400,0.27,,
4/30/2020,5.01,5.09,4.5,4.92,4.92,11235600,0.35,,
5/1/2020,4.62,4.7,4.3,4.57,4.57,6746800,0.27,,
5/4/2020,4.11,4.78,4,4.3,4.3,5601400,0.41,,
5/5/2020,4.67,4.69,3.81,3.89,3.89,7504500,-0.03,,
5/6/2020,4.08,4.1,3.83,3.92,3.92,3105700,-0.07,,
5/7/2020,4.01,4.18,3.95,3.99,3.99,4105800,-0.11,,
5/8/2020,4.14,4.22,4.04,4.1,4.1,3571200,-1.22,,
5/11/2020,6.4,6.41,4.89,5.32,5.32,106553300,0.2,,
5/12/2020,5.77,5.84,4.91,5.12,5.12,19681900,0.52,,
5/13/2020,5.02,5.03,4.51,4.6,4.6,10433400,0.05,,
5/14/2020,4.25,4.65,4.08,4.55,4.55,5920500,0.03,,
5/15/2020,4.47,4.62,4.44,4.52,4.52,3483200,-0.2,,
5/18/2020,4.8,4.93,4.63,4.72,4.72,6036900,0.16,,
5/19/2020,4.82,4.98,4.5,4.56,4.56,4929800,-0.1,,
5/20/2020,4.69,4.75,4.59,4.66,4.66,3489500,0.03,,
5/21/2020,4.68,4.79,4.55,4.63,4.63,4555000,0.05,,
5/22/2020,4.66,4.68,4.56,4.58,4.58,2408800,-0.53,,
5/26/2020,4.8,5.14,4.7,5.11,5.11,8864100,-0.49,,
5/27/2020,5.48,5.65,5.11,5.6,5.6,7862400,0.53,,
5/28/2020,5.65,5.68,5.02,5.07,5.07,6590200,-0.06,,
5/29/2020,5,5.38,4.83,5.13,5.13,5153000,-0.18,,
6/1/2020,5.03,5.37,5.02,5.31,5.31,3913100,-0.28,,
6/2/2020,5.35,5.65,5.33,5.59,5.59,6877800,0.14,,
6/3/2020,5.27,5.99,5.09,5.45,5.45,15353700,0.07,,
6/4/2020,5.17,5.4,5,5.38,5.38,8572600,-0.53,,
6/5/2020,5.78,6.15,5.64,5.91,5.91,9240900,-0.54,,
6/8/2020,6.27,6.84,6.17,6.45,6.45,8587100,0.46,,
6/9/2020,6.1,6.19,5.56,5.99,5.99,7394300,-0.3,,
6/10/2020,7.3,7.35,6.28,6.29,6.29,15322600,1.12,,
6/11/2020,5.53,5.65,5,5.17,5.17,9179400,-0.72,,
6/12/2020,5.69,5.93,5.22,5.89,5.89,7352900,0.09,,
6/15/2020,5.42,5.93,5.3,5.8,5.8,5541400,0.24,,
6/16/2020,6.02,6.06,5.5,5.56,5.56,5911900,0.14,,
6/17/2020,5.41,5.63,5.31,5.42,5.42,3030800,-0.21,,
6/18/2020,5.35,5.72,5.34,5.63,5.63,5619700,0.11,,
6/19/2020,6.2,6.25,5.46,5.52,5.52,13137400,0.19,,
6/22/2020,5.48,5.48,5.21,5.33,5.33,4412800,0.23,,
6/23/2020,5.37,5.4,5.04,5.1,5.1,5699300,0.31,,
6/24/2020,4.99,5.12,4.51,4.79,4.79,8104100,0.52,,
6/25/2020,4.57,4.59,4.17,4.27,4.27,8251400,0.09,,
6/26/2020,4.26,4.69,4.15,4.18,4.18,5601000,-0.24,,
6/29/2020,3.91,4.44,3.75,4.42,4.42,9321600,0.13,,
6/30/2020,4.34,4.36,4.21,4.29,4.29,3653400,-0.28,,
7/1/2020,4.26,4.6,4.26,4.57,4.57,4914500,0.04,,
7/2/2020,4.69,4.69,4.47,4.53,4.53,3908400,0.25,,
7/6/2020,4.62,4.64,4.13,4.28,4.28,5489700,0.15,,
7/7/2020,4.18,4.29,4.08,4.13,4.13,2667600,-0.3,,
7/8/2020,4.49,4.52,4.2,4.43,4.43,5586800,-0.14,,
7/9/2020,4.48,4.6,4.18,4.57,4.57,4225700,-0.03,,
7/10/2020,4.39,4.6,4.38,4.6,4.6,3306100,0.34,,
7/13/2020,4.76,4.82,4.25,4.26,4.26,4464800,0.04,,
7/14/2020,4.25,4.27,4.1,4.22,4.22,3291400,-0.28,,
7/15/2020,4.37,4.58,4.22,4.5,4.5,4830700,0.12,,
7/16/2020,4.33,4.48,4.31,4.38,4.38,1997500,0.11,,
7/17/2020,4.36,4.37,4.2,4.27,4.27,2101700,0.12,,
7/20/2020,4.21,4.23,4.07,4.15,4.15,2393100,0,,
7/21/2020,4.15,4.24,4.08,4.15,4.15,1925900,0.12,,
7/22/2020,4.1,4.17,4,4.03,4.03,2798800,-0.03,,
7/23/2020,4.08,4.18,4,4.06,4.06,3614300,0.06,,
7/24/2020,4,4.18,3.96,4,4,3282400,0.13,,
7/27/2020,4.01,4.03,3.81,3.87,3.87,2980500,-0.28,,
7/28/2020,3.85,4.25,3.84,4.15,4.15,6226600,-0.01,,
7/29/2020,4.07,4.2,3.95,4.16,4.16,5489400,0.04,,
7/30/2020,4.12,4.34,4.06,4.12,4.12,3699100,0.08,,
7/31/2020,4.08,4.15,3.95,4.04,4.04,2584900,-0.07,,
8/3/2020,4.05,4.2,3.86,4.11,4.11,4047100,0.01,,
8/4/2020,4.07,4.24,4.06,4.1,4.1,3267800,-0.05,,
8/5/2020,4.08,4.17,4.07,4.15,4.15,1691500,0.01,,
8/6/2020,4.11,4.24,3.99,4.14,4.14,3742600,-0.61,,
8/7/2020,4.14,5.26,4.09,4.75,4.75,24917400,0.28,,
8/10/2020,4.65,4.74,4.35,4.47,4.47,5048200,-0.09,,
8/11/2020,4.7,4.85,4.54,4.56,4.56,5794800,-0.08,,
8/12/2020,4.62,4.76,4.56,4.64,4.64,2457900,-0.67,,
8/13/2020,5.1,5.77,4.82,5.31,5.31,23259200,-0.23,,
8/14/2020,5.56,5.63,5.05,5.54,5.54,12055800,-0.06,,
8/17/2020,5.72,5.85,5.43,5.6,5.6,7159200,0.25,,
8/18/2020,5.57,5.57,5.13,5.35,5.35,5790700,-0.04,,
8/19/2020,5.34,5.47,5.18,5.39,5.39,5728300,-0.3,,
8/20/2020,5.57,5.78,5.3,5.69,5.69,13728400,0.5,,
8/21/2020,5.68,5.68,5.18,5.19,5.19,8216900,-0.22,,
8/24/2020,5.35,5.45,4.94,5.41,5.41,8498200,-0.13,,
8/25/2020,5.46,5.58,5.21,5.54,5.54,5296900,-0.06,,
8/26/2020,5.45,5.67,5.33,5.6,5.6,4419400,-0.92,,
8/27/2020,5.81,7.1,5.7,6.52,6.52,31921200,0.22,,
8/28/2020,6.49,6.54,6.11,6.3,6.3,9882700,0.42,,
8/31/2020,6.33,6.45,5.76,5.88,5.88,9820200,-0.19,,
9/1/2020,5.79,6.18,5.79,6.07,6.07,9524000,-0.97,,
9/2/2020,7.01,7.71,6.46,7.04,7.04,43056200,0.44,,
9/3/2020,6.94,7.14,6.48,6.6,6.6,10626600,-0.42,,
9/4/2020,6.76,7.02,6.23,7.02,7.02,9328800,0.6,,
9/8/2020,6.76,6.95,6.37,6.42,6.42,6667400,0.16,,
9/9/2020,6.54,6.54,6.11,6.26,6.26,5578200,0.32,,
9/10/2020,6.28,6.36,5.88,5.94,5.94,5881800,0.15,,
9/11/2020,6.06,6.07,5.6,5.79,5.79,4863000,0.25,,
9/14/2020,5.84,5.87,5.51,5.54,5.54,4638100,0.02,,
9/15/2020,5.6,5.87,5.52,5.52,5.52,5099300,-0.24,,
9/16/2020,5.52,5.88,5.42,5.76,5.76,4380600,0.04,,
9/17/2020,5.67,5.79,5.58,5.72,5.72,2619700,0.05,,
9/18/2020,5.71,5.74,5.57,5.67,5.67,2428500,0.35,,
9/21/2020,5.42,5.48,5.01,5.32,5.32,4563200,0.11,,
9/22/2020,5.22,5.32,5.14,5.21,5.21,2090100,0.43,,
9/23/2020,5.22,5.29,4.74,4.78,4.78,4285200,0.17,,
9/24/2020,4.69,4.9,4.36,4.61,4.61,4569700,-0.27,,
9/25/2020,4.64,4.93,4.5,4.88,4.88,2375500,-0.03,,
9/28/2020,5.04,5.04,4.61,4.91,4.91,4676500,0.05,,
9/29/2020,4.88,4.94,4.75,4.86,4.86,2520000,0.15,,
9/30/2020,4.8,4.95,4.7,4.71,4.71,2515400,0.06,,
10/1/2020,4.78,4.8,4.63,4.65,4.65,3223800,0,,
10/2/2020,4.48,4.66,4.42,4.65,4.65,3576000,0.52,,
10/5/2020,4.3,4.36,4.05,4.13,4.13,9468800,0.07,,
10/6/2020,4.26,4.27,4.05,4.06,4.06,8404200,0.02,,
10/7/2020,4.08,4.11,3.94,4.04,4.04,6917700,-0.1,,
10/8/2020,4.13,4.18,4.02,4.14,4.14,7868500,0.09,,
10/9/2020,4.17,4.18,4.04,4.05,4.05,5021400,-0.03,,
10/12/2020,4.03,4.09,4,4.08,4.08,3245700,0.54,,
10/13/2020,3.9,3.91,3.52,3.54,3.54,10164700,0.58,,
10/14/2020,3.09,3.2,2.66,2.96,2.96,31709400,0.18,,
10/15/2020,2.84,2.96,2.76,2.78,2.78,9808600,-0.26,,
10/16/2020,2.87,3.29,2.8,3.04,3.04,18565800,-0.5,,
10/19/2020,3.31,3.88,3.23,3.54,3.54,40385100,0.45,,
10/20/2020,3.3,3.31,3.05,3.09,3.09,15978800,0.09,,
10/21/2020,3.1,3.13,2.98,3,3,7277300,-0.12,,
10/22/2020,2.96,3.15,2.84,3.12,3.12,12339600,0.15,,
10/23/2020,3.13,3.15,2.95,2.97,2.97,6635000,0.22,,
10/26/2020,2.92,2.93,2.68,2.75,2.75,10458800,-0.04,,
10/27/2020,2.88,2.9,2.61,2.79,2.79,11251300,0.18,,
10/28/2020,2.69,2.74,2.58,2.61,2.61,8141100,0.09,,
10/29/2020,2.65,2.68,2.48,2.52,2.52,9019300,0.16,,
10/30/2020,2.48,2.49,2.28,2.36,2.36,10968800,0.21,,
11/2/2020,2.3,2.32,2.11,2.15,2.15,11180100,-0.19,,
11/3/2020,2.34,2.59,2.3,2.34,2.34,15441900,0.03,,
11/4/2020,2.4,2.43,2.24,2.31,2.31,7609100,-0.15,,
11/5/2020,2.35,2.57,2.27,2.46,2.46,8056200,-0.03,,
11/6/2020,2.43,2.62,2.33,2.49,2.49,9049500,-1.28,,
11/9/2020,4.27,4.39,3.23,3.77,3.77,132511000,0.26,,
11/10/2020,3.99,4.03,3.34,3.51,3.51,42129300,0.38,,
11/11/2020,3.23,3.24,3,3.13,3.13,24066100,0.19,,
11/12/2020,3.07,3.07,2.92,2.94,2.94,14729000,-0.03,,
11/13/2020,2.98,2.99,2.78,2.97,2.97,21995400,-0.14,,
11/16/2020,3.39,3.39,3.05,3.11,3.11,47604300,0.13,,
11/17/2020,3.01,3.04,2.9,2.98,2.98,22483000,-0.28,,
11/18/2020,3.08,3.37,3.01,3.26,3.26,31717300,0.07,,
11/19/2020,3.16,3.38,3.15,3.19,3.19,13986400,-0.16,,
11/20/2020,3.25,3.37,3.21,3.35,3.35,17088800,-0.46,,
11/23/2020,3.51,3.85,3.41,3.81,3.81,31514600,-0.77,,
11/24/2020,4.16,5,4.15,4.58,4.58,62884600,0.09,,
11/25/2020,4.57,4.85,4.2,4.49,4.49,22647300,0.04,,
11/27/2020,4.54,4.62,4.36,4.45,4.45,10097400,0.18,,
11/30/2020,4.41,4.45,3.99,4.27,4.27,16555000,0.12,,
12/1/2020,4.43,4.43,4.09,4.15,4.15,12130100,-0.17,,
12/2/2020,4.08,4.34,3.95,4.32,4.32,11847600,0.69,,
12/3/2020,4.01,4.22,3.5,3.63,3.63,66080900,0.12,,
12/4/2020,3.75,3.76,3.3,3.51,3.51,33157300,-0.05,,
12/7/2020,3.45,3.74,3.33,3.56,3.56,20503900,-0.42,,
12/8/2020,3.61,4.02,3.61,3.98,3.98,29530600,0.12,,
12/9/2020,4.22,4.33,3.75,3.86,3.86,20991200,-0.23,,
12/10/2020,3.79,4.1,3.77,4.09,4.09,19872800,0.17,,
12/11/2020,4.04,4.25,3.87,3.92,3.92,22310400,0.73,,
12/14/2020,4.01,4.01,3,3.19,3.19,67159000,0.33,,
12/15/2020,3.24,3.24,2.76,2.86,2.86,54432100,0.08,,
12/16/2020,2.87,2.89,2.72,2.78,2.78,25423200,-0.07,,
12/17/2020,2.8,2.95,2.74,2.85,2.85,23799300,0.05,,
12/18/2020,2.85,2.85,2.76,2.8,2.8,21941700,0.12,,
12/21/2020,2.61,2.74,2.58,2.68,2.68,22699800,0.09,,
12/22/2020,2.73,2.75,2.52,2.59,2.59,21638400,0.03,,
12/23/2020,2.58,2.65,2.54,2.56,2.56,15724800,0.05,,
12/24/2020,2.59,2.6,2.48,2.51,2.51,11094200,0.12,,
12/28/2020,2.63,2.63,2.36,2.39,2.39,23942700,0.1,,
12/29/2020,2.44,2.46,2.28,2.29,2.29,21086100,0.13,,
12/30/2020,2.3,2.3,2.13,2.16,2.16,40278400,0.04,,
12/31/2020,2.17,2.22,2.08,2.12,2.12,28234300,0.11,,
1/4/2021,2.2,2.2,2,2.01,2.01,29873800,0.03,,
1/5/2021,1.99,2.03,1.91,1.98,1.98,28148300,-0.03,,
1/6/2021,2.03,2.23,1.97,2.01,2.01,67363300,-0.04,,
1/7/2021,2.08,2.11,2.02,2.05,2.05,26150500,-0.09,,
1/8/2021,2.09,2.21,2.07,2.14,2.14,39553300,-0.06,,
1/11/2021,2.16,2.27,2.15,2.2,2.2,41695800,-0.09,,
1/12/2021,2.24,2.39,2.24,2.29,2.29,41549200,0.11,,
1/13/2021,2.33,2.38,2.13,2.18,2.18,45847700,0,,
1/14/2021,2.22,2.32,2.13,2.18,2.18,49638800,-0.15,,
1/15/2021,2.2,2.55,2.18,2.33,2.33,162356400,-0.73,,
1/19/2021,2.8,3.2,2.57,3.06,3.06,256276000,0.09,,
1/20/2021,3.29,3.34,2.75,2.97,2.97,181862200,-0.01,,
1/21/2021,3,3.06,2.85,2.98,2.98,64823800,-0.53,,
1/22/2021,2.91,3.74,2.81,3.51,3.51,268273400,-0.91,,
1/25/2021,4.71,4.88,3.85,4.42,4.42,443238100,-0.54,,
1/26/2021,5.09,5.19,4.37,4.96,4.96,456850200,-14.94,,
1/27/2021,20.34,20.360001,11.01,19.9,19.9,1222342500,11.27,,
1/28/2021,11.98,16.5,6.51,8.63,8.63,591223900,-4.63,,
1/29/2021,14.31,16,11.6,13.26,13.26,602193300,-0.04,,
2/1/2021,17,17.25,12.91,13.3,13.3,434608000,5.48,,
2/2/2021,9.48,10.1,6,7.82,7.82,462775900,-1.15,,
2/3/2021,8.85,9.77,7.89,8.97,8.97,221405100,1.88,,
2/4/2021,8.7,8.74,7,7.09,7.09,162985800,0.26,,
2/5/2021,7.17,8.27,6.52,6.83,6.83,197097600,0.65,,
2/8/2021,6.88,6.89,5.75,6.18,6.18,128171500,0.68,,
2/9/2021,5.81,5.81,5.26,5.5,5.5,102588100,-0.3,,
2/10/2021,5.71,6.59,5.45,5.8,5.8,152810800,0.19,,
2/11/2021,5.62,5.85,5.47,5.61,5.61,55920400,0.02,,
2/12/2021,5.72,5.97,5.52,5.59,5.59,46773000,-0.06,,
2/16/2021,6.03,6.05,5.49,5.65,5.65,61165700,0.1,,
2/17/2021,5.58,5.62,5.32,5.55,5.55,38849000,0.04,,
2/18/2021,5.84,6.25,5.46,5.51,5.51,130540800,-0.19,,
2/19/2021,5.54,5.77,5.51,5.7,5.7,40249100,-0.85,,
2/22/2021,5.93,6.68,5.75,6.55,6.55,173409000,-1.15,,
2/23/2021,6.97,7.86,6.01,7.7,7.7,264876400,-1.39,,
2/24/2021,7.23,9.83,6.99,9.09,9.09,376881800,0.8,,
2/25/2021,10.89,11,7.85,8.29,8.29,445717400,0.28,,
2/26/2021,8.19,9.01,7.63,8.01,8.01,137028000,-1.17,,
3/1/2021,8.86,9.45,8.42,9.18,9.18,143586500,0.25,,
3/2/2021,9.14,9.4,8.51,8.93,8.93,78135400,0.35,,
3/3/2021,8.95,9.14,8.5,8.58,8.58,55651900,0.55,,
3/4/2021,8.25,8.59,7.5,8.03,8.03,77822600,-0.02,,
3/5/2021,8.08,8.27,7.63,8.05,8.05,59734100,-1.24,,
3/8/2021,8.53,9.48,8.31,9.29,9.29,114343800,-1.21,,
3/9/2021,9.38,10.77,9.22,10.5,10.5,150415600,0.65,,
3/10/2021,11.02,12.47,9.51,9.85,9.85,261918600,-0.43,,
3/11/2021,10.65,10.87,9.9,10.28,10.28,83933600,-0.88,,
3/12/2021,10.16,11.4,9.94,11.16,11.16,111146700,-2.88,,
3/15/2021,12.18,14.49,11.85,14.04,14.04,277713300,1.02,,
3/16/2021,13.62,13.62,12.34,13.02,13.02,125967600,-0.54,,
3/17/2021,13.24,13.66,13,13.56,13.56,78053600,-0.44,,
3/18/2021,14.34,14.54,13.57,14,14,121418000,0.07,,
3/19/2021,14.14,14.18,13.28,13.93,13.93,153206000,1.44,,
3/22/2021,13.15,13.19,11.76,12.49,12.49,88760100,1.83,,
3/23/2021,11.46,11.93,10.37,10.66,10.66,87923200,1.64,,
3/24/2021,10.82,11.21,8.93,9.02,9.02,81850700,-1.92,,
3/25/2021,8.96,11.32,8.95,10.94,10.94,131192800,0.7,,
3/26/2021,11.27,11.53,10.01,10.24,10.24,84633100,-0.11,,
3/29/2021,10.32,10.76,10.09,10.35,10.35,37330700,0,,
3/30/2021,10.31,10.52,9.76,10.35,10.35,39020500,0.14,,
3/31/2021,10.4,10.47,10.05,10.21,10.21,29832300,0.85,,
4/1/2021,10.23,10.26,9.15,9.36,9.36,77473900,-1.25,,
4/5/2021,10.1,11.25,9.72,10.61,10.61,96082300,0.41,,
4/6/2021,10.4,10.5,10,10.2,10.2,44067000,0.35,,
4/7/2021,10.07,10.18,9.85,9.85,9.85,28804300,0.06,,
4/8/2021,10.01,10.01,9.5,9.79,9.79,33408700,0.37,,
4/9/2021,9.6,9.74,9.24,9.42,9.42,29254600,0.8,,
4/12/2021,9.44,9.49,8.51,8.62,8.62,51269800,-0.22,,
4/13/2021,8.66,9.12,8.31,8.84,8.84,44049100,-0.51,,
4/14/2021,9,9.81,8.9,9.35,9.35,51166300,-0.55,,
4/15/2021,9.88,10.23,9.58,9.9,9.9,45198900,0.57,,
4/16/2021,10,10.03,9.09,9.33,9.33,40696700,-0.33,,
4/19/2021,9.48,9.81,9.38,9.66,9.66,32814300,0.38,,
4/20/2021,9.7,9.71,9.01,9.28,9.28,27008900,-0.5,,
4/21/2021,9.25,9.81,9.14,9.78,9.78,23598200,-0.21,,
4/22/2021,9.95,10.65,9.79,9.99,9.99,49923500,-0.17,,
4/23/2021,10.09,10.38,9.96,10.16,10.16,27465600,-1.34,,
4/26/2021,10.69,11.96,10.57,11.5,11.5,78592900,0.04,,
4/27/2021,11.68,12.22,11.22,11.46,11.46,51629800,0.61,,
4/28/2021,10.85,11.39,10.65,10.85,10.85,39720500,0.65,,
4/29/2021,10.95,11.04,10.09,10.2,10.2,37782900,0.17,,
4/30/2021,10.07,10.18,9.88,10.03,10.03,27741000,0.32,,
5/3/2021,10.11,10.12,9.61,9.71,9.71,31251200,0.32,,
5/4/2021,9.63,9.75,9.05,9.39,9.39,35222400,0.22,,
5/5/2021,9.41,9.57,9.08,9.17,9.17,27608700,0.17,,
5/6/2021,9.33,9.4,8.93,9,9,39586300,-0.51,,
5/7/2021,9.32,9.79,9.14,9.51,9.51,38245000,-0.23,,
5/10/2021,9.9,10.15,9.56,9.74,9.74,41015300,-0.31,,
5/11/2021,9.93,10.48,9.6,10.05,10.05,49601000,-0.27,,
5/12/2021,10.03,10.63,10.02,10.32,10.32,54423500,-2.45,,
5/13/2021,10.88,14.2,10.64,12.77,12.77,296525000,-0.21,,
5/14/2021,13.31,14.34,12.57,12.98,12.98,207589900,-0.97,,
5/17/2021,13.67,14.38,13.39,13.95,13.95,158933100,-0.08,,
5/18/2021,14.25,14.67,13.57,14.03,14.03,172488400,1.39,,
5/19/2021,12.95,13.31,12.14,12.64,12.64,89024100,0.09,,
5/20/2021,12.59,12.99,12.03,12.55,12.55,61419700,0.47,,
5/21/2021,12.61,12.84,12.05,12.08,12.08,53937700,-1.6,,
5/24/2021,12.38,13.96,12.17,13.68,13.68,113319200,-2.73,,
5/25/2021,13.61,16.67,13.55,16.41,16.41,213644100,-3.149999,,
5/26/2021,17.76,19.950001,17.26,19.559999,19.559999,379064100,-6.960001,,
5/27/2021,18.610001,29.76,18.309999,26.52,26.52,705545700,0.399999,,
5/28/2021,31.809999,36.720001,24.17,26.120001,26.120001,660623600,-5.92,,
6/1/2021,31.889999,33.529999,28.530001,32.040001,32.040001,508694600,-30.509998,,
6/2/2021,37.52,72.620003,35.59,62.549999,62.549999,766462500,11.209999,,
6/3/2021,58.099998,68.800003,37.66,51.34,51.34,598142200,3.43,,
6/4/2021,48.790001,57.48,46.040001,47.91,47.91,337710100,-7.09,,
6/7/2021,52.380001,59.68,51.5,55,55,349094900,-0.049999,,
6/8/2021,57.16,60.619999,52.77,55.049999,55.049999,214490300,5.709999,,
6/9/2021,52.200001,53.389999,48.119999,49.34,49.34,150361300,6.529999,,
6/10/2021,47.93,51.5,39.709999,42.810001,42.810001,224860600,-6.590001,,
6/11/2021,44.68,49.599998,42.009998,49.400002,49.400002,218006600,-7.599998,,
6/14/2021,51.830002,60.549999,51.52,57,57,301467300,-2.040001,,
6/15/2021,58.389999,64.709999,56.73,59.040001,59.040001,285582100,3.860001,,
6/16/2021,56.139999,57.34,51.860001,55.18,55.18,166450700,-5.55,,
6/17/2021,54,63.830002,52.98,60.73,60.73,303576000,1.470002,,
6/18/2021,61.259998,64.959999,56.849998,59.259998,59.259998,243645900,3.569999,,
6/21/2021,61.34,63.009998,53.43,55.689999,55.689999,185876100,-2.580001,,
6/22/2021,54.099998,58.740002,51.049999,58.27,58.27,169494100,-0.029999,,
6/23/2021,57.040001,61.099998,56.799999,58.299999,58.299999,116291800,1.599998,,
6/24/2021,57.98,58.759998,55.66,56.700001,56.700001,80351200,2.64,,
6/25/2021,55.75,56.290001,52.970001,54.060001,54.060001,77596900,-4.05,,
6/28/2021,55.099998,59.360001,54.330002,58.110001,58.110001,99310200,1.680001,,
6/29/2021,59.060001,61,56.18,56.43,56.43,63604100,-0.25,,
6/30/2021,56,58.18,54.650002,56.68,56.68,59020600,2.459999,,
7/1/2021,56.860001,57.709999,52.529999,54.220001,54.220001,57549900,2.260002,,
7/2/2021,52.77,53.25,47.77,51.959999,51.959999,90271500,2,,
7/6/2021,53.459999,55.07,49.700001,49.959999,49.959999,62370300,4.889999,,
7/7/2021,47.700001,48.990002,42.799999,45.07,45.07,95320200,-2.869999,,
7/8/2021,40.950001,49.790001,38.759998,47.939999,47.939999,145078200,1.75,,
7/9/2021,48.369999,48.919998,45.82,46.189999,46.189999,57858600,3.579998,,
7/12/2021,44.290001,46.549999,42.07,42.610001,42.610001,62986400,3.260003,,
7/13/2021,40.57,42.139999,38.700001,39.349998,39.349998,86807300,5.919998,,
7/14/2021,38.799999,39.130001,33.240002,33.43,33.43,137830700,-2.57,,
7/15/2021,32.200001,37.400002,32.139999,36,36,199584500,1.040001,,
7/16/2021,37.830002,38.549999,34.299999,34.959999,34.959999,126825700,0.34,,
7/19/2021,32.950001,35.34,31.15,34.619999,34.619999,112891300,-8.470001,,
7/20/2021,35.139999,44.389999,35.130001,43.09,43.09,168673400,2.310001,,
7/21/2021,41.799999,46.549999,40.110001,40.779999,40.779999,158023700,3.539997,,
7/22/2021,40.16,41.740002,37.150002,37.240002,37.240002,93985900,0.25,,
7/23/2021,37.779999,38.400002,34.689999,36.990002,36.990002,85474800,-3.299999,,
7/26/2021,38.32,40.849998,37.57,40.290001,40.290001,97977600,2.280003,,
7/27/2021,39.990002,40.299999,37.060001,38.009998,38.009998,55288900,-0.890004,,
7/28/2021,37.41,39.560001,36.080002,38.900002,38.900002,71021400,0.770001,,
7/29/2021,38,40.25,37.470001,38.130001,38.130001,59446200,1.110001,,
7/30/2021,37.540001,39.189999,36.790001,37.02,37.02,52996200,1.819999,,
8/2/2021,37.580002,38.48,35.009998,35.200001,35.200001,59061700,1.610001,,
8/3/2021,35.16,35.209999,32.779999,33.59,33.59,61740100,3.75,,
8/4/2021,34.43,35.240002,29.809999,29.84,29.84,85496600,-3.669998,,
8/5/2021,31.08,34.119999,28.91,33.509998,33.509998,108565100,0.809997,,
8/6/2021,33.419998,33.580002,31.57,32.700001,32.700001,52858800,-1.099998,,
8/9/2021,32.68,35.380001,32.349998,33.799999,33.799999,81054600,2.049999,,
8/10/2021,36.900002,37.16,31.440001,31.75,31.75,116181500,0.200001,,
8/11/2021,31.58,31.91,29.4,31.549999,31.549999,69684300,-1.520001,,
8/12/2021,30.91,34.099998,30.75,33.07,33.07,71050000,-0.400001,,
8/13/2021,32.200001,34.48,31.879999,33.470001,33.470001,57990800,-2.219998,,
8/16/2021,33.849998,36.18,32.709999,35.689999,35.689999,86506600,-1.470001,,
8/17/2021,34.990002,38.779999,34.59,37.16,37.16,86868900,0.610001,,
8/18/2021,37.32,38.700001,36.490002,36.549999,36.549999,57948000,2.729999,,
8/19/2021,36.59,36.779999,33.330002,33.82,33.82,47920600,-0.59,,
8/20/2021,33.900002,34.599998,32.200001,34.41,34.41,55432600,-2.369999,,
8/23/2021,35.029999,37.93,34.400002,36.779999,36.779999,75319300,-7.479999,,
8/24/2021,37.189999,48.200001,36.349998,44.259998,44.259998,228489600,0.299999,,
8/25/2021,44.900002,48.299999,43.169998,43.959999,43.959999,209271500,3.649998,,
8/26/2021,42.790001,44.779999,40.07,40.310001,40.310001,109710200,-0.529999,,
8/27/2021,40.009998,41.580002,39.389999,40.84,40.84,72507400,-2.490002,,
8/30/2021,41.779999,45.709999,41.279999,43.330002,43.330002,108370900,-3.799999,,
8/31/2021,44.16,47.16,44.049999,47.130001,47.130001,127659600,3.440002,,
9/1/2021,47.16,47.849998,43.049999,43.689999,43.689999,82772400,-0.690002,,
9/2/2021,43.869999,44.900002,42.369999,44.380001,44.380001,67848800,0.360001,,
9/3/2021,43.540001,44.799999,42.470001,44.02,44.02,52109500,-3.810002,,
9/7/2021,45,47.93,44.880001,47.830002,47.830002,102133700,0.43,,
9/8/2021,47.029999,49.400002,45.73,47.400002,47.400002,97372900,-1.119998,,
9/9/2021,46.23,49,45.360001,48.52,48.52,85960900,-1.64,,
9/10/2021,49.150002,51.700001,48.950001,50.16,50.16,90152700,-1.529999,,
9/13/2021,51.82,52.790001,50.349998,51.689999,51.689999,75111000,4.39,,
9/14/2021,50.900002,51.549999,46.959999,47.299999,47.299999,65850300,0.459999,,
9/15/2021,46.43,47.740002,43.77,46.84,46.84,76214200,0.799999,,
9/16/2021,46.48,48.689999,45.950001,46.040001,46.040001,57581900,1.84,,
9/17/2021,46.099998,46.380001,44.200001,44.200001,44.200001,68549000,3.91,,
9/20/2021,41.950001,43.330002,38.529999,40.290001,40.290001,70807600,1.470001,,
9/21/2021,40.970001,41.490002,37.650002,38.82,38.82,64696300,-1.260002,,
9/22/2021,38.5,40.57,37.740002,40.080002,40.080002,52441300,0.100002,,
9/23/2021,41.060001,41.849998,39.849998,39.98,39.98,41271100,-0.029998,,
9/24/2021,39.810001,40.52,39.25,40.009998,40.009998,32555900,0.709999,,
9/27/2021,40.119999,40.630001,39.209999,39.299999,39.299999,31225500,2.309997,,
9/28/2021,38.900002,39.130001,36.880001,36.990002,36.990002,39523300,1.450001,,
9/29/2021,37.25,38.259998,35.369999,35.540001,35.540001,43007800,-2.52,,
9/30/2021,35.189999,41.779999,33.740002,38.060001,38.060001,102819800,-0.399998,,
10/1/2021,39.41,40.130001,37.75,38.459999,38.459999,65919000,1.689999,,
10/4/2021,38.900002,39.029999,36.330002,36.77,36.77,39943200,-0.290001,,
10/5/2021,36.860001,38.099998,36.189999,37.060001,37.060001,37702800,0.229999,,
10/6/2021,36.360001,37.650002,35.639999,36.830002,36.830002,35450500,-1.309997,,
10/7/2021,36.779999,38.549999,36.599998,38.139999,38.139999,37704300,0.95,,
10/8/2021,37.919998,38.779999,37.060001,37.189999,37.189999,29643100,-0.060001,,
10/11/2021,36.849998,38.66,36.299999,37.25,37.25,37351400,0.43,,
10/12/2021,37.25,37.57,36.220001,36.82,36.82,25223400,-1.09,,
10/13/2021,36.720001,38.150002,36.119999,37.91,37.91,33484500,-2.16,,
10/14/2021,37.799999,41.099998,37.75,40.07,40.07,67688200,-0.670002,,
10/15/2021,40.200001,41.790001,39.779999,40.740002,40.740002,46524700,-2.289997,,
10/18/2021,40.799999,43.630001,40.490002,43.029999,43.029999,50096300,2.23,,
10/19/2021,42.959999,44.439999,40.740002,40.799999,40.799999,52769200,-0.080002,,
10/20/2021,40.650002,41.75,40.299999,40.880001,40.880001,31220000,1.639999,,
10/21/2021,40.889999,41.939999,38.799999,39.240002,39.240002,33977600,2.640004,,
10/22/2021,37.310001,37.669998,35.959999,36.599998,36.599998,46324200,-0.230004,,
10/25/2021,36.23,37.849998,35.779999,36.830002,36.830002,30905400,0.780003,,
10/26/2021,36.529999,37.400002,35.779999,36.049999,36.049999,27674800,1.290001,,
10/27/2021,36.330002,36.790001,34.580002,34.759998,34.759998,25904100,-0.470002,,
10/28/2021,35.09,36.07,34.860001,35.23,35.23,23812200,-0.139999,,
10/29/2021,35.34,36.630001,34.529999,35.369999,35.369999,32841500,-1.700001,,
11/1/2021,35.650002,37.189999,35.389999,37.07,37.07,34054600,-1.720001,,
11/2/2021,37.619999,38.799999,36.630001,38.790001,38.790001,44361700,-2,,
11/3/2021,40.990002,44.209999,38.880001,40.790001,40.790001,82198000,0.740002,,
11/4/2021,40.389999,41.299999,39.110001,40.049999,40.049999,28553700,-1.650002,,
11/5/2021,41.16,41.970001,39.93,41.700001,41.700001,40077000,-3.36,,
11/8/2021,42.48,45.950001,41.77,45.060001,45.060001,70347800,5.130001,,
11/9/2021,42.43,42.599998,39.25,39.93,39.93,37893500,1.639999,,
11/10/2021,38.790001,40.869999,38.049999,38.290001,38.290001,32463600,-1.169998,,
11/11/2021,38,40.200001,37.5,39.459999,39.459999,30474100,-0.540001,,
11/12/2021,39.599998,40.439999,39.119999,40,40,23623100,-2.68,,
11/15/2021,40.349998,43.23,40.209999,42.68,42.68,39918800,0.080002,,
11/16/2021,41.970001,44.43,41.23,42.599998,42.599998,38388200,0.469997,,
11/17/2021,42.34,44,42.02,42.130001,42.130001,23322000,1.720001,,
11/18/2021,42.389999,42.400002,39.779999,40.41,40.41,25262000,-0.459999,,
11/19/2021,40.200001,41.380001,39.66,40.869999,40.869999,20692300,-0.370003,,
11/22/2021,41.509998,42.990002,40.290001,41.240002,41.240002,28831800,2.080002,,
11/23/2021,41.25,42.029999,38.07,39.16,39.16,27386500,0.270001,,
11/24/2021,39.139999,39.330002,37.549999,38.889999,38.889999,18270800,1.259998,,
11/26/2021,36.290001,38.16,36.130001,37.630001,37.630001,19731800,0.790001,,
11/29/2021,38.259998,38.43,35.919998,36.84,36.84,24063800,2.900001,,
11/30/2021,36.77,37.049999,32.75,33.939999,33.939999,41354800,5.369999,,
12/1/2021,34.709999,34.939999,26.85,28.57,28.57,63296100,-1.710001,,
12/2/2021,29.27,31.219999,27.01,30.280001,30.280001,54901300,1.270001,,
12/3/2021,30.83,31.059999,25.309999,29.01,29.01,66188600,0.219999,,
12/6/2021,28.1,30.469999,27.15,28.790001,28.790001,45067400,-2.25,,
12/7/2021,30.030001,31.68,29.5,31.040001,31.040001,47927100,-1.309997,,
12/8/2021,30.780001,33.919998,29.77,32.349998,32.349998,46241500,2.889999,,
12/9/2021,31.75,32.950001,29.309999,29.459999,29.459999,36556800,2.019998,,
12/10/2021,29.35,29.93,26,27.440001,27.440001,58858900,4.200001,,
12/13/2021,27.49,27.629999,22.459999,23.24,23.24,84199800,-1.26,,
12/14/2021,20.91,25.120001,20.799999,24.5,24.5,107045800,-0.16,,
12/15/2021,24.6,25.280001,22.530001,24.66,24.66,53208200,0.209999,,
12/16/2021,25.35,25.870001,24.08,24.450001,24.450001,43702400,-4.67,,
12/17/2021,24.389999,30.709999,23.65,29.120001,29.120001,144753100,-0.58,,
12/20/2021,28.959999,30.700001,28.110001,29.700001,29.700001,66938200,-0.599998,,
12/21/2021,29.4,32.23,29.049999,30.299999,30.299999,46852500,1.619999,,
12/22/2021,29.940001,30.48,28.040001,28.68,28.68,36983800,0.16,,
12/23/2021,28.860001,29.43,26.82,28.52,28.52,37005900,-0.180001,,
12/27/2021,28.35,29.389999,27.01,28.700001,28.700001,30785600,0.980002,,
12/28/2021,28.18,29.74,27.59,27.719999,27.719999,31588100,-0.230002,,
12/29/2021,27.75,28.35,26.620001,27.950001,27.950001,30983400,-0.99,,
12/30/2021,27.91,30.190001,27.68,28.940001,28.940001,36056400,1.74,,
12/31/2021,28.76,29.4,27.110001,27.200001,27.200001,23408000,0.680001,,
1/3/2022,27.42,28.129999,26.42,26.52,26.52,26740900,1.03,,
1/4/2022,26.67,26.67,24.639999,25.49,25.49,33347900,2.74,,
1/5/2022,25.17,25.299999,22.360001,22.75,22.75,45172100,0.290001,,
1/6/2022,22.959999,23.77,20.799999,22.459999,22.459999,59112700,-0.530001,,
1/7/2022,23.610001,24.299999,22.440001,22.99,22.99,49481000,0.209999,,
1/10/2022,22.42,22.870001,21.25,22.780001,22.780001,37784000,-0.01,,
1/11/2022,22.4,23.75,22.09,22.790001,22.790001,36063800,0.070002,,
1/12/2022,22.860001,23.360001,22.049999,22.719999,22.719999,27472100,2.059999,,
1/13/2022,22.65,23.15,20.530001,20.66,20.66,41005000,0.09,,
1/14/2022,20.33,21.08,19.51,20.57,20.57,56996600,1.73,,
1/18/2022,19.790001,19.889999,17.799999,18.84,18.84,55679700,0.52,,
1/19/2022,18.530001,19.42,18.030001,18.32,18.32,35096800,0.25,,
1/20/2022,18.59,20.16,17.950001,18.07,18.07,51078700,0.100001,,
1/21/2022,17.77,18.559999,16.219999,17.969999,17.969999,65185700,1.33,,
1/24/2022,16.24,17.290001,14.23,16.639999,16.639999,82424700,0.619999,,
1/25/2022,15.89,16.620001,15.55,16.02,16.02,42434600,0.08,,
1/26/2022,16.209999,18.16,15.65,15.94,15.94,76722900,1.42,,
1/27/2022,16.110001,16.59,14.4,14.52,14.52,50530200,-0.54,,
1/28/2022,14.6,15.25,13.4,15.06,15.06,53951600,-0.999999,,
1/31/2022,15.14,16.25,15,16.059999,16.059999,41447900,-0.800002,,
2/1/2022,18.15,18.709999,16.52,16.860001,16.860001,124427700,1.440001,,
2/2/2022,16.549999,17.07,15.38,15.42,15.42,48626000,0.55,,
2/3/2022,15.04,15.85,14.65,14.87,14.87,39215100,-0.48,,
2/4/2022,15,15.7,14.74,15.35,15.35,32396500,0.44,,
2/7/2022,15.62,16,14.68,14.91,14.91,29755200,-1.52,,
2/8/2022,14.9,16.82,14.65,16.43,16.43,51272500,-2.510001,,
2/9/2022,16.299999,19,16.139999,18.940001,18.940001,75867400,0.350001,,
2/10/2022,17.9,20.959999,17.85,18.59,18.59,98957400,-0.219999,,
2/11/2022,18.620001,19.66,18.33,18.809999,18.809999,68425900,1.059999,,
2/14/2022,18.83,19.360001,17.66,17.75,17.75,46106700,-1.73,,
2/15/2022,18.049999,19.549999,17.959999,19.48,19.48,39852000,-0.19,,
2/16/2022,19.35,20.58,19.26,19.67,19.67,49444600,0.729999,,
2/17/2022,19.48,20.209999,18.469999,18.940001,18.940001,40130200,1.040001,,
2/18/2022,18.99,19.200001,17.68,17.9,17.9,31953500,1.430001,,
2/22/2022,17.360001,18.129999,16.110001,16.469999,16.469999,42968500,0.739999,,
2/23/2022,16.73,17.02,15.62,15.73,15.73,30155900,-1.95,,
2/24/2022,14.97,17.77,14.96,17.68,17.68,54405700,0.02,,
2/25/2022,17.709999,17.860001,16.530001,17.66,17.66,36944100,-1.200001,,
2/28/2022,18,19.34,17.610001,18.860001,18.860001,42772300,0.540001,,
3/1/2022,19,19.43,17.83,18.32,18.32,44003000,-0.210001,,
3/2/2022,18.01,18.690001,17.309999,18.530001,18.530001,35038200,0.470002,,
3/3/2022,18.629999,18.700001,17.799999,18.059999,18.059999,24825900,1.489999,,
3/4/2022,18.049999,18.32,16.35,16.57,16.57,39474600,1.36,,
3/7/2022,16.91,17.1,14.9,15.21,15.21,39507300,-0.18,,
3/8/2022,15.15,16.26,14.38,15.39,15.39,35370400,-0.32,,
3/9/2022,15.72,16.27,15.43,15.71,15.71,25206400,0.39,,
3/10/2022,15.63,15.81,14.78,15.32,15.32,25666500,1.02,,
3/11/2022,15.31,15.4,14.27,14.3,14.3,29202900,0.74,,
3/14/2022,14.05,14.16,12.9,13.56,13.56,32959800,-0.92,,
3/15/2022,13.76,14.69,13.17,14.48,14.48,40853100,-0.75,,
3/16/2022,14.51,15.69,14.23,15.23,15.23,39104500,0.04,,
3/17/2022,14.91,15.61,14.86,15.19,15.19,24130400,-0.61,,
3/18/2022,14.98,15.9,14.97,15.8,15.8,31992100,-0.06,,
3/21/2022,15.69,16.549999,15.28,15.86,15.86,34256700,-2.4,,
3/22/2022,15.88,18.91,15.75,18.26,18.26,81798900,-2.48,,
3/23/2022,18.75,22.35,18.18,20.74,20.74,170142600,0.51,,
3/24/2022,20.049999,20.57,18.860001,20.23,20.23,68471700,-0.01,,
3/25/2022,19.950001,21.700001,19.709999,20.24,20.24,71814700,-9.09,,
3/28/2022,20.610001,29.73,20.530001,29.33,29.33,226704100,-0.110001,,
3/29/2022,30.030001,34.330002,26.41,29.440001,29.440001,212293100,3.760001,,
3/30/2022,28.559999,29.23,25.35,25.68,25.68,95384200,1.040001,,
3/31/2022,24.77,25.92,23.26,24.639999,24.639999,89239000,1.34,,
4/1/2022,25.129999,25.280001,22.34,23.299999,23.299999,65735700,-0.01,,
4/4/2022,23.48,23.75,21.940001,23.309999,23.309999,51458400,2.1,,
4/5/2022,23.18,23.959999,21,21.209999,21.209999,41624100,0.82,,
4/6/2022,20.65,21.92,20.01,20.389999,20.389999,52212200,0.659999,,
4/7/2022,20.629999,20.940001,18.629999,19.73,19.73,53370500,1.49,,
4/8/2022,19.700001,19.700001,18.129999,18.24,18.24,42674700,-0.479999,,
4/11/2022,18.030001,18.82,17.719999,18.719999,18.719999,37554600,1.299999,,
4/12/2022,18.879999,19.01,17.200001,17.42,17.42,42073100,-1.110001,,
4/13/2022,17.549999,18.58,16.940001,18.530001,18.530001,36748800,0.510001,,
4/14/2022,18.27,18.690001,17.9,18.02,18.02,25333700,0.54,,
4/18/2022,18.1,18.190001,16.969999,17.48,17.48,23892600,-1.2,,
4/19/2022,17.379999,18.92,17.1,18.68,18.68,31744900,1.34,,
4/20/2022,18.4,18.66,17.299999,17.34,17.34,23913500,0.49,,
4/21/2022,17.41,18.07,16.66,16.85,16.85,26372700,0.33,,
4/22/2022,17.120001,17.610001,16.1,16.52,16.52,26431700,-0.439999,,
4/25/2022,16.389999,17.030001,16.290001,16.959999,16.959999,26444200,1.459999,,
4/26/2022,16.889999,17.09,15.49,15.5,15.5,24732800,-0.35,,
4/27/2022,15.39,16.25,15.25,15.85,15.85,26605900,0.21,,
4/28/2022,15.71,16.129999,14.7,15.64,15.64,29857700,0.34,,
4/29/2022,15.63,16.049999,15.22,15.3,15.3,21342700,0.04,,
5/2/2022,15.1,15.49,14.61,15.26,15.26,23883200,-0.25,,
5/3/2022,15.16,16.110001,14.73,15.51,15.51,31834300,-0.21,,
5/4/2022,15.22,15.91,14.68,15.72,15.72,26421700,1.03,,
5/5/2022,15.68,15.79,14.36,14.69,14.69,26987600,0.93,,
5/6/2022,14.66,14.84,13.52,13.76,13.76,33033100,1.24,,
5/9/2022,13.63,13.63,12.43,12.52,12.52,40732200,0.68,,
5/10/2022,13.15,14.01,11.5,11.84,11.84,55693400,1.47,,
5/11/2022,11.56,11.65,9.91,10.37,10.37,58508700,-0.83,,
5/12/2022,10.05,13.71,9.7,11.2,11.2,104887800,-0.61,,
5/13/2022,12.11,12.49,11.49,11.81,11.81,58129300,0.1,,
5/16/2022,11.9,12.66,11.5,11.71,11.71,40960000,-1.19,,
5/17/2022,12.06,12.92,11.84,12.9,12.9,38183500,0.14,,
5/18/2022,12.73,14.22,12.51,12.76,12.76,53729400,-0.32,,
5/19/2022,12.77,13.5,12.66,13.08,13.08,50443600,1.05,,
5/20/2022,13.18,13.35,11.43,12.03,12.03,41387900,0.45,,
5/23/2022,12.01,12.02,11.45,11.58,11.58,24854400,1.19,,
5/24/2022,11.33,11.39,10.3,10.39,10.39,37689300,-1.49,,
5/25/2022,10.48,11.88,10.4,11.88,11.88,53628000,-0.35,,
5/26/2022,11.75,12.88,11.59,12.23,12.23,71002400,-2.2,,
5/27/2022,12.65,14.47,12.4,14.43,14.43,89906000,0.09,,
5/31/2022,15.75,16.129999,13.93,14.34,14.34,106975100,1.53,,
6/1/2022,14.01,14.32,12.8,12.81,12.81,55539700,-0.49,,
6/2/2022,12.69,13.54,12.3,13.3,13.3,45309900,0.85,,
6/3/2022,12.78,13.06,12.18,12.45,12.45,39226000,0.5,,
6/6/2022,12.42,12.58,11.77,11.95,11.95,34537900,-1.12,,
6/7/2022,12.02,13.25,11.81,13.07,13.07,40370600,-0.45,,
6/8/2022,12.8,14.25,12.71,13.52,13.52,51742200,0.74,,
6/9/2022,13.37,13.53,12.57,12.78,12.78,32254800,0.35,,
6/10/2022,12.63,12.73,12.07,12.43,12.43,26509900,0.95,,
6/13/2022,11.91,12.2,11.09,11.48,11.48,27916000,-0.44,,
6/14/2022,11.52,12.05,11.11,11.92,11.92,25723500,-0.85,,
6/15/2022,11.55,12.97,11.54,12.77,12.77,37213600,0.98,,
6/16/2022,12.22,12.5,11.43,11.79,11.79,26518100,-0.74,,
6/17/2022,11.86,12.71,11.86,12.53,12.53,33042300,0.03,,
6/21/2022,12.75,12.93,12.22,12.5,12.5,30357400,-0.1,,
6/22/2022,12.5,13.22,12.37,12.6,12.6,26660700,0.55,,
6/23/2022,12.79,12.81,11.44,12.05,12.05,36073100,-0.42,,
6/24/2022,12.17,12.57,11.93,12.47,12.47,80759000,-1.66,,
6/27/2022,12.58,14.75,12.31,14.13,14.13,77601900,0.75,,
6/28/2022,14,14.3,13.31,13.38,13.38,39677100,-0.27,,
6/29/2022,13.07,13.89,12.8,13.65,13.65,27690400,0.1,,
6/30/2022,13.4,13.85,12.91,13.55,13.55,25348300,0.02,,
7/1/2022,13.48,14.31,13.26,13.53,13.53,30952600,0.75,,
7/5/2022,13.55,13.58,12.56,12.78,12.78,30261000,0.21,,
7/6/2022,12.68,13.04,12.16,12.57,12.57,25762100,-1.91,,
7/7/2022,12.54,14.69,12.41,14.48,14.48,62763200,-0.18,,
7/8/2022,13.89,15.32,13.84,14.66,14.66,48920800,-0.29,,
7/11/2022,14.49,14.99,14.07,14.95,14.95,32394400,-0.65,,
7/12/2022,14.95,16.139999,14.81,15.6,15.6,52835300,0.46,,
7/13/2022,15.05,15.93,14.9,15.14,15.14,36666700,0.08,,
7/14/2022,14.95,15.68,14.73,15.06,15.06,35302700,-0.31,,
7/15/2022,15.27,15.39,14.71,15.37,15.37,26144400,-1.170001,,
7/18/2022,15.6,16.959999,15.53,16.540001,16.540001,54040500,0.18,,
7/19/2022,17.41,17.82,16.25,16.360001,16.360001,50521500,-1.159999,,
7/20/2022,16.52,17.73,16.33,17.52,17.52,47582900,0.52,,
7/21/2022,17.9,18.370001,16.950001,17,17,39350000,1.5,,
7/22/2022,16.700001,16.879999,15.28,15.5,15.5,31469900,0.59,,
7/25/2022,15.55,15.57,14.8,14.91,14.91,20684400,0.88,,
7/26/2022,14.66,14.73,13.94,14.03,14.03,21317100,-0.45,,
7/27/2022,14.23,14.54,13.82,14.48,14.48,23192000,-0.1,,
7/28/2022,14.63,15.29,14.2,14.58,14.58,24618700,0.02,,
7/29/2022,14.31,14.87,14.04,14.56,14.56,18222500,-0.81,,
8/1/2022,14.33,15.5,14.32,15.37,15.37,23919700,-1.490001,,
8/2/2022,15.45,16.99,15.31,16.860001,16.860001,42734200,-1.349998,,
8/3/2022,17.200001,18.27,16.780001,18.209999,18.209999,41951900,-0.450001,,
8/4/2022,18.98,19.75,18.25,18.66,18.66,66585500,-3.52,,
8/5/2022,16.969999,22.77,16.5,22.18,22.18,125780200,-1.779999,,
8/8/2022,24.059999,27.5,23.1,23.959999,23.959999,132819200,1.509998,,
8/9/2022,23.200001,23.85,21.74,22.450001,22.450001,62368000,-1.219999,,
8/10/2022,23.389999,23.799999,20.73,23.67,23.67,64157000,-1.789999,,
8/11/2022,24.07,26.08,23.68,25.459999,25.459999,79337900,1.019998,,
8/12/2022,26.940001,27.200001,23.959999,24.440001,24.440001,73386000,0.230002,,
8/15/2022,24.07,24.49,22.67,24.209999,24.209999,50182700,-0.6,,
8/16/2022,24.01,26.16,23.4,24.809999,24.809999,72301100,3.449998,,
8/17/2022,24.59,25.450001,21.280001,21.360001,21.360001,59412000,2.07,,
8/18/2022,21.860001,22.09,19.120001,19.290001,19.290001,50429000,1.270001,,
8/19/2022,18.040001,18.959999,17.5,18.02,18.02,52461500,7.56,,
8/22/2022,11.33,13.05,10.3,10.46,10.46,151158700,0.9,,
8/23/2022,10.72,10.94,9.47,9.56,9.56,80188100,-0.02,,
8/24/2022,9.59,9.9,9.23,9.58,9.58,50478300,0.01,,
8/25/2022,9.78,9.94,9.31,9.57,9.57,31596300,0.4,,
8/26/2022,9.58,9.67,8.96,9.17,9.17,36395500,-0.3,,
8/29/2022,9.04,9.61,8.91,9.47,9.47,39602600,0.2,,
8/30/2022,9.59,9.64,9.03,9.27,9.27,25167500,0.15,,
8/31/2022,9.11,9.28,8.68,9.12,9.12,33009700,0.54,,
9/1/2022,9.03,9.03,8.3,8.58,8.58,26335600,-0.3,,
9/2/2022,8.78,9.17,8.35,8.88,8.88,27614700,0.69,,
9/6/2022,8.65,8.75,8.17,8.19,8.19,20866600,-0.2,,
9/7/2022,8.07,8.46,7.89,8.39,8.39,21748200,-0.25,,
9/8/2022,8.3,8.72,8.24,8.64,8.64,16708600,-1.08,,
9/9/2022,8.86,9.73,8.78,9.72,9.72,36352800,-0.5,,
9/12/2022,10.01,10.75,9.85,10.22,10.22,47225600,0.5,,
9/13/2022,9.63,9.89,9.45,9.72,9.72,24911200,-0.19,,
9/14/2022,9.52,9.93,9.21,9.91,9.91,22078200,0.03,,
9/15/2022,9.75,10.39,9.71,9.88,9.88,25060300,0.9,,
9/16/2022,9.62,9.68,8.98,8.98,8.98,31989600,-0.2,,
9/19/2022,9.07,9.35,8.85,9.18,9.18,23541600,0.47,,
9/20/2022,9.23,9.32,8.62,8.71,8.71,17186900,0.11,,
9/21/2022,8.73,8.96,8.46,8.6,8.6,20213400,0.75,,
9/22/2022,8.62,8.66,7.73,7.85,7.85,26927300,-0.14,,
9/23/2022,7.72,8.14,7.65,7.99,7.99,19910100,1.16,,
9/26/2022,7.65,7.97,6.81,6.83,6.83,43284800,-0.62,,
9/27/2022,7.16,7.52,6.98,7.45,7.45,33360100,-0.22,,
9/28/2022,7.3,7.71,7.11,7.67,7.67,24459500,0.57,,
9/29/2022,7.46,7.61,6.9,7.1,7.1,22502000,0.13,,
9/30/2022,6.97,7.28,6.82,6.97,6.97,16557000,0.09,,
10/3/2022,6.84,6.95,6.61,6.88,6.88,21499900,-0.95,,
10/4/2022,6.98,8.13,6.97,7.83,7.83,42548300,0.5,,
10/5/2022,7.55,7.55,7.04,7.33,7.33,22699700,0.21,,
10/6/2022,7.38,7.62,7.12,7.12,7.12,19345600,0.59,,
10/7/2022,7.1,7.1,6.4,6.53,6.53,23436200,0.18,,
10/10/2022,6.46,6.93,6.27,6.35,6.35,23392700,0.23,,
10/11/2022,6.4,6.48,6.07,6.12,6.12,22621500,0.27,,
10/12/2022,6.12,6.24,5.62,5.85,5.85,32491800,-0.19,,
10/13/2022,5.63,6.28,5.47,6.04,6.04,29565500,0.04,,
10/14/2022,6.21,6.35,5.95,6,6,21898500,-0.36,,
10/17/2022,6.18,6.48,6.09,6.36,6.36,18580700,-0.15,,
10/18/2022,6.6,6.8,6.37,6.51,6.51,22041400,0.4,,
10/19/2022,6.41,6.5,6.05,6.11,6.11,13666100,-0.24,,
10/20/2022,6.2,6.58,6.13,6.35,6.35,17309400,-0.14,,
10/21/2022,6.35,6.57,6.22,6.49,6.49,14944400,0.13,,
10/24/2022,6.46,6.55,6.2,6.36,6.36,14363100,-0.39,,
10/25/2022,6.3,7,6.27,6.75,6.75,26798200,0.11,,
10/26/2022,6.54,7.11,6.5,6.64,6.64,22177600,0.13,,
10/27/2022,6.83,6.93,6.49,6.51,6.51,13873300,0,,
10/28/2022,6.55,6.7,6.36,6.51,6.51,15668600,-0.15,,
10/31/2022,6.82,7.25,6.54,6.66,6.66,34859100,0.51,,
11/1/2022,6.76,6.85,6.13,6.15,6.15,21354300,0.34,,
11/2/2022,6.26,6.33,5.79,5.81,5.81,22112800,0.11,,
11/3/2022,5.75,5.85,5.58,5.7,5.7,16543200,0.05,,
11/4/2022,5.83,5.85,5.42,5.65,5.65,18134600,0.32,,
11/7/2022,5.56,5.61,5.17,5.33,5.33,20037900,-0.29,,
11/8/2022,5.38,5.62,5.3,5.62,5.62,27189800,0.43,,
11/9/2022,5.37,5.39,5.05,5.19,5.19,25711200,-0.94,,
11/10/2022,5.5,6.27,5.35,6.13,6.13,40052500,-1.07,,
11/11/2022,6.01,7.28,5.93,7.2,7.2,43822300,-0.14,,
11/14/2022,8.02,8.35,7.29,7.34,7.34,53083900,-0.61,,
11/15/2022,7.83,8.19,7.46,7.95,7.95,44349800,0.42,,
11/16/2022,7.74,7.8,7.16,7.53,7.53,29929700,0.14,,
11/17/2022,7.29,7.42,7.1,7.39,7.39,17120000,-0.2,,
11/18/2022,7.53,7.84,7.34,7.59,7.59,21572100,0.32,,
11/21/2022,7.3,7.56,7.05,7.27,7.27,16892700,-0.05,,
11/22/2022,7.21,7.51,7.07,7.32,7.32,14591900,-0.32,,
11/23/2022,7.35,7.99,7.28,7.64,7.64,37509000,0.13,,
11/25/2022,7.66,7.74,7.5,7.51,7.51,8287600,0.18,,
11/28/2022,7.44,7.44,7.12,7.33,7.33,17873200,-0.1,,
11/29/2022,7.29,7.62,7.08,7.43,7.43,16317800,0.2,,
11/30/2022,7.48,7.48,6.96,7.23,7.23,44913800,-0.94,,
12/1/2022,7.29,9.15,7.21,8.17,8.17,96708500,0,,
12/2/2022,8.18,8.63,7.92,8.17,8.17,34765600,0.72,,
12/5/2022,8.18,8.54,7.41,7.45,7.45,28313400,0.7,,
12/6/2022,7.46,7.48,6.68,6.75,6.75,26188100,0.7,,
12/7/2022,6.77,7.13,6,6.05,6.05,39234400,-0.02,,
12/8/2022,6.24,6.7,5.97,6.07,6.07,30496400,0.13,,
12/9/2022,6.05,6.13,5.81,5.94,5.94,23156400,-0.01,,
12/12/2022,5.99,6,5.61,5.95,5.95,17523800,0.23,,
12/13/2022,6.5,6.51,5.53,5.72,5.72,34932400,-0.03,,
12/14/2022,5.77,5.88,5.61,5.75,5.75,22155900,0.15,,
12/15/2022,5.6,6.05,5.53,5.6,5.6,28706500,0.29,,
12/16/2022,5.65,5.73,5.13,5.31,5.31,29694500,0.42,,
12/19/2022,5.23,5.32,4.78,4.89,4.89,29491400,-0.19,,
12/20/2022,4.87,5.15,4.74,5.08,5.08,22273800,-0.22,,
12/21/2022,5.14,5.37,5.05,5.3,5.3,19607600,0.39,,
12/22/2022,4.14,4.98,4.11,4.91,4.91,55461400,0.51,,
12/23/2022,4.7,4.82,4.31,4.4,4.4,30311100,0.37,,
12/27/2022,4.2,4.21,4,4.03,4.03,21676500,0.19,,
12/28/2022,4.01,4.13,3.81,3.84,3.84,29744300,-0.3,,
12/29/2022,3.9,4.19,3.86,4.14,4.14,21225300,0.07,,
12/30/2022,4.04,4.09,3.9,4.07,4.07,18450800,0.14,,
1/3/2023,4.14,4.39,3.87,3.93,3.93,22100500,-0.16,,
1/4/2023,4,4.16,3.84,4.09,4.09,17999300,0.13,,
1/5/2023,4.03,4.06,3.86,3.96,3.96,12757400,0.11,,
1/6/2023,3.98,3.99,3.77,3.85,3.85,15305400,-0.08,,
1/9/2023,3.92,4.02,3.79,3.93,3.93,17164000,-0.13,,
1/10/2023,3.91,4.08,3.91,4.06,4.06,12844600,-0.86,,
1/11/2023,4.43,4.98,4.31,4.92,4.92,53995000,-0.1,,
1/12/2023,5.09,5.35,4.74,5.02,5.02,41961200,-0.04,,
1/13/2023,4.84,5.14,4.77,5.06,5.06,25920300,-1.01,,
1/17/2023,5.37,6.17,5.06,6.07,6.07,57607200,0.42,,
1/18/2023,6.37,6.55,5.46,5.65,5.65,62125400,0.13,,
1/19/2023,5.47,5.65,5.26,5.52,5.52,29734900,0,,
1/20/2023,5.53,5.81,5.45,5.52,5.52,31271900,-0.14,,
1/23/2023,5.53,5.92,5.42,5.66,5.66,34092900,0.16,,
1/24/2023,5.4,5.95,5.4,5.5,5.5,24293900,0.17,,
1/25/2023,5.43,5.47,5.28,5.33,5.33,22975100,0.05,,
1/26/2023,5.5,5.61,5.1,5.28,5.28,21597700,-0.23,,
1/27/2023,5.25,5.62,5.1,5.51,5.51,33469600,0.5,,
1/30/2023,5.28,5.34,4.95,5.01,5.01,34116800,-0.34,,
1/31/2023,5.1,5.35,5,5.35,5.35,21881400,-0.36,,
2/1/2023,5.3,5.8,5.27,5.71,5.71,36970900,-0.37,,
2/2/2023,6.28,6.45,5.93,6.08,6.08,49690900,0,,
2/3/2023,6.1,6.77,6.03,6.08,6.08,52353400,-0.72,,
2/6/2023,6.31,7.33,6.05,6.8,6.8,62513900,0.62,,
2/7/2023,6.94,6.96,6.05,6.18,6.18,47411000,0.46,,
2/8/2023,6.12,6.13,5.61,5.72,5.72,31424400,0.36,,
2/9/2023,5.87,5.88,5.14,5.36,5.36,29113300,0.46,,
2/10/2023,5.21,5.21,4.64,4.9,4.9,38670800,0.22,,
2/13/2023,4.75,4.91,4.58,4.68,4.68,26219400,0.18,,
2/14/2023,4.55,4.62,4.39,4.5,4.5,36199200,-0.67,,
2/15/2023,4.56,5.27,4.53,5.17,5.17,46423100,-0.08,,
2/16/2023,5.24,5.49,5.05,5.25,5.25,32085500,0.01,,
2/17/2023,5.32,5.53,5.21,5.24,5.24,27592400,-0.86,,
2/21/2023,5.47,6.2,5.44,6.1,6.1,73513000,-0.16,,
2/22/2023,6.42,6.79,6.02,6.26,6.26,68667200,0.03,,
2/23/2023,6.29,6.65,5.91,6.23,6.23,42144300,0.03,,
2/24/2023,6.13,6.24,5.99,6.2,6.2,23398200,-1.41,,
2/27/2023,6.31,8.19,6.19,7.61,7.61,122677600,0.47,,
2/28/2023,7.78,8.53,7.11,7.14,7.14,113458500,0.57,,
3/1/2023,6.8,7.11,6.46,6.57,6.57,41177400,0.47,,
3/2/2023,6.24,6.37,5.9,6.1,6.1,28191200,-0.48,,
3/3/2023,6.2,6.69,6.14,6.58,6.58,33938700,0.33,,
3/6/2023,6.58,6.75,6.25,6.25,6.25,26242800,0.24,,
3/7/2023,6.23,6.35,6,6.01,6.01,16229900,0.17,,
3/8/2023,6.04,6.13,5.67,5.84,5.84,19862100,0.19,,
3/9/2023,5.74,5.92,5.56,5.65,5.65,16178500,0.27,,
3/10/2023,5.56,5.62,5.3,5.38,5.38,15503700,-0.08,,
3/13/2023,5.44,5.56,5.24,5.46,5.46,15518100,0.82,,
3/14/2023,5.48,5.51,4.36,4.64,4.64,64871300,0.43,,
3/15/2023,4.53,4.61,4.15,4.21,4.21,36323300,-0.18,,
3/16/2023,4.22,4.65,4.06,4.39,4.39,27931700,0.21,,
3/17/2023,4.3,4.34,4.11,4.18,4.18,27265000,-0.09,,
3/20/2023,4.25,4.38,4.14,4.27,4.27,17581300,-0.14,,
3/21/2023,4.33,4.45,4.21,4.41,4.41,20847100,0.07,,
3/22/2023,4.73,4.75,4.31,4.34,4.34,31446600,-0.13,,
3/23/2023,4.44,4.68,4.34,4.47,4.47,19451500,0,,
3/24/2023,4.4,4.54,4.38,4.47,4.47,10528300,-0.08,,
3/27/2023,4.51,4.58,4.3,4.55,4.55,20314400,-0.6,,
3/28/2023,4.51,5.5,4.46,5.15,5.15,89811500,0.15,,
3/29/2023,5.14,5.21,4.83,5,5,28097800,0.03,,
3/30/2023,5.11,5.16,4.87,4.97,4.97,20233500,-0.04,,
3/31/2023,4.91,5.06,4.87,5.01,5.01,18830600,-0.1,,
4/3/2023,4.99,5.15,4.94,5.11,5.11,27276100,5.11,,
